﻿<parameters>
  <parameter name="IIS Web Application Name" defaultValue="Default Web Site/" tags="IisApp">
    <parameterEntry kind="ProviderPath" scope="IisApp" match="^C:\\Users\\DELL\\source\\repos\\Capstone2021\\Capstone2021\\obj\\Debug\\Package\\PackageTmp$" />
    <parameterEntry kind="ProviderPath" scope="setAcl" match="^C:\\Users\\DELL\\source\\repos\\Capstone2021\\Capstone2021\\obj\\Debug\\Package\\PackageTmp$" />
  </parameter>
  <parameter name="AuthContext-Web.config Connection String" description="AuthContext Connection String used in web.config by the application to access the database." defaultValue="Data Source=.\sqlexpress;Initial Catalog=AngularJSAuth;Integrated Security=SSPI;" tags="SqlConnectionString">
    <parameterEntry kind="XmlFile" scope="C:\\Users\\DELL\\source\\repos\\Capstone2021\\Capstone2021\\obj\\Debug\\Package\\PackageTmp\\Views\\Web\.config$" match="/configuration/connectionStrings/add[@name='AuthContext']/@connectionString" />
  </parameter>
  <parameter name="DbEntities-Web.config Connection String" description="DbEntities Connection String used in web.config by the application to access the database." defaultValue="metadata=res://*/DbEntitiesModel.csdl|res://*/DbEntitiesModel.ssdl|res://*/DbEntitiesModel.msl;provider=System.Data.SqlClient;provider connection string=&quot;data source=capstone2021.cl5cywikp3xt.ap-southeast-1.rds.amazonaws.com,1433;initial catalog=capstone2021;user id=admin;password=capstone2021;MultipleActiveResultSets=True;App=EntityFramework&quot;" tags="SqlConnectionString">
    <parameterEntry kind="XmlFile" scope="C:\\Users\\DELL\\source\\repos\\Capstone2021\\Capstone2021\\obj\\Debug\\Package\\PackageTmp\\Web\.config$" match="/configuration/connectionStrings/add[@name='DbEntities']/@connectionString" />
  </parameter>
</parameters>